Fundamentals of Power Electronics	Robert W. Erickson, Dragan Maksimovic	Engineering	https://link.springer.com/openurl?genre=book&isbn=978-0-306-48048-5
Handbook of the Life Course	Jeylan T. Mortimer, Michael J. Shanahan	Humanities, Social Sciences and Law	https://link.springer.com/openurl?genre=book&isbn=978-0-306-48247-2
All of Statistics	Larry Wasserman	Mathematics and Statistics	https://link.springer.com/openurl?genre=book&isbn=978-0-387-21736-9
Social Anxiety and Social Phobia in Youth	Christopher Kearney	Behavioral Science	https://link.springer.com/openurl?genre=book&isbn=978-0-387-22592-0
Discrete Mathematics	László Lovász, József Pelikán, Katalin Vesztergombi	Mathematics and Statistics	https://link.springer.com/openurl?genre=book&isbn=978-0-387-21777-2
Developmental Neurobiology	Mahendra S. Rao, Marcus Jacobson	Biomedical and Life Sciences	https://link.springer.com/openurl?genre=book&isbn=978-0-387-28117-9
Intuitive Probability and Random Processes using MATLAB®	Steven Kay	Engineering	https://link.springer.com/openurl?genre=book&isbn=978-0-387-24158-6
Handbook of Disaster Research	Havidan Rodriguez, Enrico L. Quarantelli, Russell Dynes	Humanities, Social Sciences and Law	https://link.springer.com/openurl?genre=book&isbn=978-0-387-32353-4
Handbook of the Sociology of Gender	Janet Saltzman Chafetz	Humanities, Social Sciences and Law	https://link.springer.com/openurl?genre=book&isbn=978-0-387-36218-2
Handbook of Sociological Theory	Jonathan H. Turner	Humanities, Social Sciences and Law	https://link.springer.com/openurl?genre=book&isbn=978-0-387-36274-8
Clinical Neuroanatomy	John Mendoza, Anne Foundas	Behavioral Science	https://link.springer.com/openurl?genre=book&isbn=978-0-387-36601-2
Acquired Brain Injury	Jean Elbaum, Deborah Benson	Behavioral Science	https://link.springer.com/openurl?genre=book&isbn=978-0-387-37575-5
Numerical Optimization	Jorge Nocedal, Stephen Wright	Mathematics and Statistics	https://link.springer.com/openurl?genre=book&isbn=978-0-387-40065-5
Handbook of Biological Confocal Microscopy	James Pawley	Biomedical and Life Sciences	https://link.springer.com/openurl?genre=book&isbn=978-0-387-45524-2
Ceramic Materials	C. Barry Carter, M. Grant Norton	Chemistry and Materials Science	https://link.springer.com/openurl?genre=book&isbn=978-0-387-46271-4
Principles of Fluorescence Spectroscopy	Joseph R. Lakowicz	Chemistry and Materials Science	https://link.springer.com/openurl?genre=book&isbn=978-0-387-46312-4
Fundamentals of Biomechanics	Duane Knudson	Biomedical and Life Sciences	https://link.springer.com/openurl?genre=book&isbn=978-0-387-49312-1
Primer on the Rheumatic Diseases	John H. Klippel, John H. Stone, L eslie J. Crofford, Patience H. White	Medicine	https://link.springer.com/openurl?genre=book&isbn=978-0-387-68566-3
International Handbook of Historical Archaeology	Teresita Majewski, David Gaimster	Humanities, Social Sciences and Law	https://link.springer.com/openurl?genre=book&isbn=978-0-387-72071-5
Database Marketing	Robert C. Blattberg, Byung-Do Kim, Scott A. Neslin	Business and Economics	https://link.springer.com/openurl?genre=book&isbn=978-0-387-72579-6
Composite Materials	Krishan K. Chawla	Chemistry and Materials Science	https://link.springer.com/openurl?genre=book&isbn=978-0-387-74365-3
Time Series Analysis	Jonathan D. Cryer, Kung-Sik Chan	Mathematics and Statistics	https://link.springer.com/openurl?genre=book&isbn=978-0-387-75959-3
Transmission Electron Microscopy	David B. Williams, C. Barry Carter	Chemistry and Materials Science	https://link.springer.com/openurl?genre=book&isbn=978-0-387-76501-3
Handbook of Quantitative Criminology	Alex R. Piquero, David Weisburd	Humanities, Social Sciences and Law	https://link.springer.com/openurl?genre=book&isbn=978-0-387-77650-7
Plant Physiological Ecology	Hans Lambers, F Stuart Chapin III, Thijs L. Pons	Biomedical and Life Sciences	https://link.springer.com/openurl?genre=book&isbn=978-0-387-78341-3
Introductory Statistics with R	Peter Dalgaard	Mathematics and Statistics	https://link.springer.com/openurl?genre=book&isbn=978-0-387-79054-1
The Elements of Statistical Learning	Trevor Hastie, Robert Tibshirani, Jerome Friedman	Mathematics and Statistics	https://link.springer.com/openurl?genre=book&isbn=978-0-387-84858-7
Psychology, Religion, and Spirituality	James M. Nelson	Behavioral Science	https://link.springer.com/openurl?genre=book&isbn=978-0-387-87573-6
Introductory Time Series with R	Paul S.P. Cowpertwait, Andrew V. Metcalfe	Mathematics and Statistics	https://link.springer.com/openurl?genre=book&isbn=978-0-387-88698-5
Child Neuropsychology	Margaret Semrud-Clikeman, Phyllis Anne Teeter Ellison	Behavioral Science	https://link.springer.com/openurl?genre=book&isbn=978-0-387-88963-4
A Beginner's Guide to R	Alain Zuur, Elena N. Ieno, Erik Meesters	Mathematics and Statistics	https://link.springer.com/openurl?genre=book&isbn=978-0-387-93837-0
Geomorphology of Desert Environments	Anthony J. Parsons, A. D. Abrahams	Earth and Environmental Science	https://link.springer.com/openurl?genre=book&isbn=978-1-4020-5719-9
The Joy of Science	Richard A. Lockshin	Biomedical and Life Sciences	https://link.springer.com/openurl?genre=book&isbn=978-1-4020-6099-1
Fatigue of Structures and Materials	J. Schijve	Engineering	https://link.springer.com/openurl?genre=book&isbn=978-1-4020-6808-9
Essential Astrophysics	Kenneth R. Lang	Physics and Astronomy	https://link.springer.com/openurl?genre=book&isbn=978-3-642-35963-7
Introduction to Evolutionary Computing	A.E. Eiben, J.E. Smith	Computer Science	https://link.springer.com/openurl?genre=book&isbn=978-3-662-44874-8
Data Analysis	Siegmund Brandt	Physics and Astronomy	https://link.springer.com/openurl?genre=book&isbn=978-3-319-03762-2
International Perspectives on Psychotherapy	Stefan G. Hofmann	Behavioral Science and Psychology	https://link.springer.com/openurl?genre=book&isbn=978-3-319-56194-3
Electrical Machines	Slobodan N. Vukosavic	Energy	https://link.springer.com/openurl?genre=book&isbn=978-1-4614-0400-2
Mechanics and Thermodynamics	Wolfgang Demtröder	Physics and Astronomy	https://link.springer.com/openurl?genre=book&isbn=978-3-319-27877-3
Applied Behavior Analysis	Kimberly Maich, Darren Levine, Carmen Hall	Behavioral Science and Psychology	https://link.springer.com/openurl?genre=book&isbn=978-3-319-44794-0
Reading, Writing, and Proving	Ulrich Daepp, Pamela Gorkin	Mathematics and Statistics	https://link.springer.com/openurl?genre=book&isbn=978-1-4419-9479-0
Linear and Nonlinear Programming	David G. Luenberger, Yinyu Ye	Business and Management	https://link.springer.com/openurl?genre=book&isbn=978-3-319-18842-3
Introduction to Partial Differential Equations	David Borthwick	Mathematics and Statistics	https://link.springer.com/openurl?genre=book&isbn=978-3-319-48936-0
Energy Storage	Robert Huggins	Energy	https://link.springer.com/openurl?genre=book&isbn=978-3-319-21239-5
Metabolism of Human Diseases	Eckhard Lammert, Martin Zeeb	Biomedical and Life Sciences	https://link.springer.com/openurl?genre=book&isbn=978-3-7091-0715-7
Sensory Evaluation of Food	Harry T. Lawless, Hildegarde Heymann	Chemistry and Materials Science	https://link.springer.com/openurl?genre=book&isbn=978-1-4419-6488-5
Fundamentals of Robotic Mechanical Systems	Jorge Angeles	Engineering	https://link.springer.com/openurl?genre=book&isbn=978-3-319-01851-5
Integrative Human Biochemistry	Andrea T. da Poian, Miguel A. R. B. Castanho	Biomedical and Life Sciences	https://link.springer.com/openurl?genre=book&isbn=978-1-4939-3058-6
Philosophy of Science for Scientists	Lars-Göran Johansson	Religion and Philosophy	https://link.springer.com/openurl?genre=book&isbn=978-3-319-26551-3
Particles and Nuclei	Bogdan Povh, Klaus Rith, Christoph Scholz, Frank Zetsche, Werner Rodejohann	Physics and Astronomy	https://link.springer.com/openurl?genre=book&isbn=978-3-662-46321-5
Data Structures and Algorithms with Python	Kent D. Lee, Steve Hubbard	Computer Science	https://link.springer.com/openurl?genre=book&isbn=978-3-319-13072-9
LGBT-Parent Families	Abbie E. Goldberg, Katherine R. Allen	Humanities, Social Sciences and Law	https://link.springer.com/openurl?genre=book&isbn=978-1-4614-4556-2
Integrated Neuroscience	Elliott M. Marcus, Stanley Jacobson	Biomedical and Life Sciences	https://link.springer.com/openurl?genre=book&isbn=978-1-4615-1077-2
Introduction to Partial Differential Equations	Peter J. Olver	Mathematics and Statistics	https://link.springer.com/openurl?genre=book&isbn=978-3-319-02099-0
Microeconomics	Peter Dorman	Business and Economics	https://link.springer.com/openurl?genre=book&isbn=978-3-642-37434-0
System Dynamics	Bilash Kanti Bala, Fatimah Mohamed Arshad, Kusairi Mohd Noh	Economics and Finance	https://link.springer.com/openurl?genre=book&isbn=978-981-10-2045-2
Cosmology for the Curious	Delia Perlov, Alex Vilenkin	Physics and Astronomy	https://link.springer.com/openurl?genre=book&isbn=978-3-319-57040-2
Methods of Mathematical Modelling	Thomas Witelski, Mark Bowen	Mathematics and Statistics	https://link.springer.com/openurl?genre=book&isbn=978-3-319-23042-9
Introduction to Logic Circuits & Logic Design with Verilog	Brock J. LaMeres	Engineering	https://link.springer.com/openurl?genre=book&isbn=978-3-319-53883-9
Structural Analysis	O. A. Bauchau, J.I. Craig	Engineering	https://link.springer.com/openurl?genre=book&isbn=978-90-481-2516-6
Engineering Flow and Heat Exchange	Octave Levenspiel	Chemistry and Materials Science	https://link.springer.com/openurl?genre=book&isbn=978-1-4899-7454-9
Enterprise Risk Management Models	David L. Olson, Desheng Dash Wu	Business and Management	https://link.springer.com/openurl?genre=book&isbn=978-3-662-53785-5
Reactive Power Control in AC Power Systems	Naser Mahdavi Tabatabaei, Ali Jafari Aghbolaghi, Nicu Bizon, Frede Blaabjerg	Energy	https://link.springer.com/openurl?genre=book&isbn=978-3-319-51118-4
Principles of Microeconomics	Martin Kolmar	Economics and Finance	https://link.springer.com/openurl?genre=book&isbn=978-3-319-57589-6
Additive Manufacturing Technologies	Ian Gibson, David W. Rosen, Brent Stucker	Engineering	https://link.springer.com/openurl?genre=book&isbn=978-1-4419-1120-9
Principles of Physics	Hafez  A . Radi, John O Rasmussen	Physics and Astronomy	https://link.springer.com/openurl?genre=book&isbn=978-3-642-23026-4
Fundamentals of Biomechanics	Nihat Özkaya, Dawn Leger, David Goldsheyder, Margareta Nordin	Biomedical and Life Sciences	https://link.springer.com/openurl?genre=book&isbn=978-3-319-44738-4
Irrigation and Drainage Engineering	Peter Waller, Muluneh Yitayew	Earth and Environmental Science	https://link.springer.com/openurl?genre=book&isbn=978-3-319-05699-9
LaTeX in 24 Hours	Dilip Datta	Computer Science	https://link.springer.com/openurl?genre=book&isbn=978-3-319-47831-9
Psychology of Perception	Simon Grondin	Behavioral Science and Psychology	https://link.springer.com/openurl?genre=book&isbn=978-3-319-31791-5
Extragalactic Astronomy and Cosmology	Peter Schneider	Physics and Astronomy	https://link.springer.com/openurl?genre=book&isbn=978-3-642-54083-7
Automata and Computability	Dexter C. Kozen	Computer Science	https://link.springer.com/openurl?genre=book&isbn=978-1-4612-1844-9
The Algorithm Design Manual	Steven S Skiena	Computer Science	https://link.springer.com/openurl?genre=book&isbn=978-1-84800-070-4
Chemical Thermodynamics	Ernö Keszei	Chemistry and Materials Science	https://link.springer.com/openurl?genre=book&isbn=978-3-642-19864-9
Computational Physics	Philipp O.J. Scherer	Physics and Astronomy	https://link.springer.com/openurl?genre=book&isbn=978-3-319-61088-7
Introduction to Statistics and Data Analysis 	Christian Heumann, Michael Schomaker,  Shalabh	Mathematics and Statistics	https://link.springer.com/openurl?genre=book&isbn=978-3-319-46162-5
Grammar for Teachers	Andrea DeCapua	Education	https://link.springer.com/openurl?genre=book&isbn=978-3-319-33916-0
Time Series Econometrics	Klaus Neusser	Economics and Finance	https://link.springer.com/openurl?genre=book&isbn=978-3-319-32862-1
Electrochemistry	Christine Lefrou, Pierre Fabry, Jean-Claude Poignet	Chemistry and Materials Science	https://link.springer.com/openurl?genre=book&isbn=978-3-642-30250-3
Classical Fourier Analysis	Loukas Grafakos	Mathematics and Statistics	https://link.springer.com/openurl?genre=book&isbn=978-1-4939-1194-3
Human Chromosomes	Orlando J. Miller, Eeva Therman	Biomedical and Life Sciences	https://link.springer.com/openurl?genre=book&isbn=978-1-4613-0139-4
Phylogenomics	Christoph Bleidorn	Biomedical and Life Sciences	https://link.springer.com/openurl?genre=book&isbn=978-3-319-54064-1
Quantum Theory for Mathematicians	Brian C. Hall	Mathematics and Statistics	https://link.springer.com/openurl?genre=book&isbn=978-1-4614-7116-5
Evidence-Based Critical Care	Robert C. Hyzy	Medicine	https://link.springer.com/openurl?genre=book&isbn=978-3-319-43341-7
Clinical Assessment of Child and Adolescent Personality and Behavior	Paul J. Frick, Christopher T. Barry, Randy W. Kamphaus	Behavioral Science	https://link.springer.com/openurl?genre=book&isbn=978-1-4419-0641-0
Design Research in Information Systems	Alan Hevner, Samir Chatterjee	Business and Economics	https://link.springer.com/openurl?genre=book&isbn=978-1-4419-5653-8
Intermediate Physics for Medicine and Biology	Russell K. Hobbie, Bradley J. Roth	Physics and Astronomy	https://link.springer.com/openurl?genre=book&isbn=978-3-319-12682-1
Principles of Data Mining	Max Bramer	Computer Science	https://link.springer.com/openurl?genre=book&isbn=978-1-4471-7307-6
Fundamental Astronomy	Hannu Karttunen, Pekka Kröger, Heikki Oja, Markku Poutanen, Karl Johan Donner	Physics and Astronomy	https://link.springer.com/openurl?genre=book&isbn=978-3-662-53045-0
Fundamentals of Business Process Management	Marlon Dumas, Marcello La Rosa, Jan Mendling, Hajo A. Reijers	Computer Science	https://link.springer.com/openurl?genre=book&isbn=978-3-642-33143-5
Brownian Motion, Martingales, and Stochastic Calculus 	Jean-François Le Gall	Mathematics and Statistics	https://link.springer.com/openurl?genre=book&isbn=978-3-319-31089-3
UML @ Classroom	Martina Seidl, Marion Scholz, Christian Huemer, Gerti Kappel	Computer Science	https://link.springer.com/openurl?genre=book&isbn=978-3-319-12742-2
Design and Analysis of Experiments	Angela Dean, Daniel Voss, Danel Draguljić	Mathematics and Statistics	https://link.springer.com/openurl?genre=book&isbn=978-3-319-52250-0
Foundations for Designing User-Centered Systems	Frank E. Ritter, Gordon D. Baxter, Elizabeth F. Churchill	Computer Science	https://link.springer.com/openurl?genre=book&isbn=978-1-4471-5134-0
Handbook of Consumer Finance Research	Jing Jian Xiao	Behavioral Science and Psychology	https://link.springer.com/openurl?genre=book&isbn=978-3-319-28887-1
Principles of Terrestrial Ecosystem Ecology	F Stuart Chapin III, Pamela A. Matson, Peter Vitousek	Biomedical and Life Sciences	https://link.springer.com/openurl?genre=book&isbn=978-1-4419-9504-9
Applied Multivariate Statistical Analysis	Wolfgang Karl Härdle, Léopold Simar	Mathematics and Statistics	https://link.springer.com/openurl?genre=book&isbn=978-3-662-45171-7
Strategic International Management	Dirk Morschett, Hanna Schramm-Klein, Joachim Zentes	Business and Economics	https://link.springer.com/openurl?genre=book&isbn=978-3-8349-6331-4
Computer Vision	Richard Szeliski	Computer Science	https://link.springer.com/openurl?genre=book&isbn=978-1-84882-935-0
Engineering Electromagnetics	Nathan Ida	Engineering	https://link.springer.com/openurl?genre=book&isbn=978-3-319-07806-9
Data Mining	Charu C. Aggarwal	Computer Science	https://link.springer.com/openurl?genre=book&isbn=978-3-319-14142-8
International Trade Theory and Policy	Giancarlo Gandolfo	Business and Economics	https://link.springer.com/openurl?genre=book&isbn=978-3-642-37314-5
Alternative Energy Sources	Efstathios E (Stathis) Michaelides	Engineering	https://link.springer.com/openurl?genre=book&isbn=978-3-642-20951-2
Introduction to Electronic Commerce and Social Commerce	Efraim Turban, Judy Whiteside, David King, Jon Outland	Business and Management	https://link.springer.com/openurl?genre=book&isbn=978-3-319-50091-1
Computational Geometry	Mark de Berg, Otfried Cheong, Marc van Kreveld, Mark Overmars	Computer Science	https://link.springer.com/openurl?genre=book&isbn=978-3-540-77974-2
Elementary Mechanics Using Python	Anders Malthe-Sørenssen	Physics and Astronomy	https://link.springer.com/openurl?genre=book&isbn=978-3-319-19596-4
Energy Economics	Peter Zweifel, Aaron Praktiknjo, Georg Erdmann	Energy	https://link.springer.com/openurl?genre=book&isbn=978-3-662-53022-1
Biomedical Informatics	Edward H. Shortliffe, James J. Cimino	Medicine	https://link.springer.com/openurl?genre=book&isbn=978-1-4471-4474-8
Robotics, Vision and Control	Peter Corke	Engineering	https://link.springer.com/openurl?genre=book&isbn=978-3-319-54413-7
Acid-Base Diagrams	Heike Kahlert, Fritz Scholz	Chemistry and Materials Science	https://link.springer.com/openurl?genre=book&isbn=978-3-642-37902-4
Brewing Science: A Multidisciplinary Approach	Michael Mosher, Kenneth Trantham	Chemistry and Materials Science	https://link.springer.com/openurl?genre=book&isbn=978-3-319-46394-0
Learning Landscape Ecology	Sarah E. Gergel, Monica G. Turner	Biomedical and Life Sciences	https://link.springer.com/openurl?genre=book&isbn=978-1-4939-6374-4
Probability	Jim Pitman	Mathematics and Statistics	https://link.springer.com/openurl?genre=book&isbn=978-1-4612-4374-8
Modeling Life	Alan Garfinkel, Jane Shevtsov, Yina Guo	Mathematics and Statistics	https://link.springer.com/openurl?genre=book&isbn=978-3-319-59731-7
Introduction to Plasma Physics and Controlled Fusion	Francis Chen	Physics and Astronomy	https://link.springer.com/openurl?genre=book&isbn=978-3-319-22309-4
Engineering Mechanics 1	Dietmar Gross, Werner Hauger, Jörg Schröder, Wolfgang A. Wall, Nimal Rajapakse	Engineering	https://link.springer.com/openurl?genre=book&isbn=978-3-642-30319-7
Principles of Polymer Chemistry	A. Ravve	Chemistry and Materials Science	https://link.springer.com/openurl?genre=book&isbn=978-1-4614-2212-9
A Primer on Scientific Programming with Python	Hans Petter Langtangen	Mathematics and Statistics	https://link.springer.com/openurl?genre=book&isbn=978-3-662-49887-3
Climate Change Science: A Modern Synthesis	G. Thomas Farmer, John Cook	Earth and Environmental Science	https://link.springer.com/openurl?genre=book&isbn=978-94-007-5757-8
Solar PV and Wind Energy Conversion Systems	S. Sumathi, L. Ashok Kumar, P. Surekha	Energy	https://link.springer.com/openurl?genre=book&isbn=978-3-319-14941-7
Statistical Analysis and Data Display	Richard M. Heiberger, Burt Holland	Mathematics and Statistics	https://link.springer.com/openurl?genre=book&isbn=978-1-4939-2122-5
Business Process Management Cases	Jan vom Brocke, Jan Mendling	Business and Management	https://link.springer.com/openurl?genre=book&isbn=978-3-319-58307-5
Elementary Analysis	Kenneth A. Ross	Mathematics and Statistics	https://link.springer.com/openurl?genre=book&isbn=978-1-4614-6271-2
Cryptography Made Simple	Nigel Smart	Computer Science	https://link.springer.com/openurl?genre=book&isbn=978-3-319-21936-3
Fluid Dynamics	Michel Rieutord	Physics and Astronomy	https://link.springer.com/openurl?genre=book&isbn=978-3-319-09351-2
Social Media Management	Amy Van Looy	Business and Management	https://link.springer.com/openurl?genre=book&isbn=978-3-319-21990-5
Statistics in Criminal Justice	David Weisburd, Chester Britt	Humanities, Social Sciences and Law	https://link.springer.com/openurl?genre=book&isbn=978-1-4614-9170-5
Supply Chain Management and Advanced Planning	Hartmut Stadtler, Christoph Kilger, Herbert Meyr	Business and Economics	https://link.springer.com/openurl?genre=book&isbn=978-3-642-55309-7
Probability Theory	Alexandr A. Borovkov	Mathematics and Statistics	https://link.springer.com/openurl?genre=book&isbn=978-1-4471-5201-9
Statistics and Data Analysis for Financial Engineering	David Ruppert, David S. Matteson	Mathematics and Statistics	https://link.springer.com/openurl?genre=book&isbn=978-1-4939-2614-5
Readings in Formal Epistemology	Horacio Arló-Costa, Vincent F. Hendricks, Johan van Benthem	Religion and Philosophy	https://link.springer.com/openurl?genre=book&isbn=978-3-319-20451-2
Differential Equations and Their Applications	Martin Braun	Mathematics and Statistics	https://link.springer.com/openurl?genre=book&isbn=978-1-4612-4360-1
Nanotechnology: Principles and Practices	Sulabha K. Kulkarni	Chemistry and Materials Science	https://link.springer.com/openurl?genre=book&isbn=978-3-319-09171-6
Epidemiological Research: Terms and Concepts	O. S. Miettinen	Biomedical and Life Sciences	https://link.springer.com/openurl?genre=book&isbn=978-94-007-1171-6
Multinational Management	Rien Segers	Business and Management	https://link.springer.com/openurl?genre=book&isbn=978-3-319-23012-2
Partial Differential Equations	Jürgen Jost	Mathematics and Statistics	https://link.springer.com/openurl?genre=book&isbn=978-1-4614-4809-9
Bayesian and Frequentist Regression Methods	Jon Wakefield	Mathematics and Statistics	https://link.springer.com/openurl?genre=book&isbn=978-1-4419-0925-1
Strategic International Management	Dirk Morschett, Hanna Schramm-Klein, Joachim Zentes	Business and Economics	https://link.springer.com/openurl?genre=book&isbn=978-3-658-07884-3
Basic Concepts in Computational Physics	Benjamin A. Stickler, Ewald Schachinger	Physics and Astronomy	https://link.springer.com/openurl?genre=book&isbn=978-3-319-27265-8
Eye Tracking Methodology	Andrew T. Duchowski	Computer Science	https://link.springer.com/openurl?genre=book&isbn=978-3-319-57883-5
Writing for Publication	Mary Renck Jalongo, Olivia N. Saracho	Education	https://link.springer.com/openurl?genre=book&isbn=978-3-319-31650-5
Mathematical Physics	Sadri Hassani	Physics and Astronomy	https://link.springer.com/openurl?genre=book&isbn=978-3-319-01195-0
Correctional Counseling and Treatment	Peter C. Kratcoski	Law and Criminology	https://link.springer.com/openurl?genre=book&isbn=978-3-319-54349-9
Thermodynamics and Energy Conversion	Henning Struchtrup	Engineering	https://link.springer.com/openurl?genre=book&isbn=978-3-662-43715-5
The Action Research Planner	Stephen Kemmis, Robin McTaggart, Rhonda Nixon	Humanities, Social Sciences and Law	https://link.springer.com/openurl?genre=book&isbn=978-981-4560-67-2
Stochastic Processes and Calculus	Uwe Hassler	Economics and Finance	https://link.springer.com/openurl?genre=book&isbn=978-3-319-23428-1
Statistical Analysis of Clinical Data on a Pocket Calculator	Ton J. Cleophas, Aeilko H. Zwinderman	Biomedical and Life Sciences	https://link.springer.com/openurl?genre=book&isbn=978-94-007-1211-9
Clinical Data Analysis on a Pocket Calculator	Ton J. Cleophas, Aeilko H. Zwinderman	Biomedical and Life Sciences	https://link.springer.com/openurl?genre=book&isbn=978-3-319-27104-0
The Data Science Design Manual	Steven S. Skiena	Computer Science	https://link.springer.com/openurl?genre=book&isbn=978-3-319-55444-0
An Introduction to Machine Learning	Miroslav Kubat	Computer Science	https://link.springer.com/openurl?genre=book&isbn=978-3-319-63913-0
Guide to Discrete Mathematics	Gerard O'Regan	Computer Science	https://link.springer.com/openurl?genre=book&isbn=978-3-319-44561-8
Petroleum Geoscience	Knut Bjørlykke	Earth and Environmental Science	https://link.springer.com/openurl?genre=book&isbn=978-3-642-34132-8
Structure Determination by X-ray Crystallography	Mark Ladd, Rex Palmer	Chemistry and Materials Science	https://link.springer.com/openurl?genre=book&isbn=978-1-4614-3954-7
Introduction to Time Series and Forecasting	Peter J. Brockwell, Richard A. Davis	Mathematics and Statistics	https://link.springer.com/openurl?genre=book&isbn=978-3-319-29854-2
Principles of Mobile Communication	Gordon L. Stüber	Engineering	https://link.springer.com/openurl?genre=book&isbn=978-3-319-55615-4
Cardiovascular Biomechanics	Peter R. Hoskins, Patricia V. Lawford, Barry J. Doyle	Medicine	https://link.springer.com/openurl?genre=book&isbn=978-3-319-46407-7
Introduction to Smooth Manifolds	John Lee	Mathematics and Statistics	https://link.springer.com/openurl?genre=book&isbn=978-1-4419-9982-5
Taxation in European Union	Pietro Boria	Law and Criminology	https://link.springer.com/openurl?genre=book&isbn=978-3-319-53919-5
Essentials of Cerebellum and Cerebellar Disorders	Donna L. Gruol, Noriyuki Koibuchi, Mario Manto, Marco Molinari, Jeremy D. Schmahmann, Ying Shen	Biomedical and Life Sciences	https://link.springer.com/openurl?genre=book&isbn=978-3-319-24551-5
Language Across the Curriculum & CLIL in English as an Additional Language (EAL) Contexts	Angel M.Y. Lin	Education	https://link.springer.com/openurl?genre=book&isbn=978-981-10-1802-2
Multivariate Calculus and Geometry	Seán Dineen	Mathematics and Statistics	https://link.springer.com/openurl?genre=book&isbn=978-1-4471-6419-7
Statistics and Analysis of Scientific Data	Massimiliano Bonamente	Physics and Astronomy	https://link.springer.com/openurl?genre=book&isbn=978-1-4939-6572-4
Modelling Computing Systems	Faron Moller, Georg Struth	Computer Science	https://link.springer.com/openurl?genre=book&isbn=978-1-84800-322-4
Search Methodologies	Edmund K. Burke, Graham Kendall	Business and Economics	https://link.springer.com/openurl?genre=book&isbn=978-1-4614-6940-7
Representation Theory	William Fulton, Joe Harris	Mathematics and Statistics	https://link.springer.com/openurl?genre=book&isbn=978-1-4612-0979-9
Linear Algebra Done Right	Sheldon Axler	Mathematics and Statistics	https://link.springer.com/openurl?genre=book&isbn=978-3-319-11080-6
Stellar Structure and Evolution	Rudolf Kippenhahn, Alfred Weigert, Achim Weiss	Physics and Astronomy	https://link.springer.com/openurl?genre=book&isbn=978-3-642-30304-3
Evolutionary Thinking in Medicine	Alexandra Alvergne, Crispin Jenkinson, Charlotte Faurie	Medicine	https://link.springer.com/openurl?genre=book&isbn=978-3-319-29716-3
Understanding Cryptography	Christof Paar, Jan Pelzl	Computer Science	https://link.springer.com/openurl?genre=book&isbn=978-3-642-04101-3
Linear Algebra	Jörg Liesen, Volker Mehrmann	Mathematics and Statistics	https://link.springer.com/openurl?genre=book&isbn=978-3-319-24346-7
Algebra	Serge Lang	Mathematics and Statistics	https://link.springer.com/openurl?genre=book&isbn=978-1-4613-0041-0
Understanding Analysis	Stephen Abbott	Mathematics and Statistics	https://link.springer.com/openurl?genre=book&isbn=978-1-4939-2712-8
Plate Tectonics	Wolfgang Frisch, Martin Meschede, Ronald C. Blakey	Earth and Environmental Science	https://link.springer.com/openurl?genre=book&isbn=978-3-540-76504-2
Linear Programming	Robert J Vanderbei	Business and Economics	https://link.springer.com/openurl?genre=book&isbn=978-1-4614-7630-6
The Nature of Scientific Knowledge	Kevin McCain	Religion and Philosophy	https://link.springer.com/openurl?genre=book&isbn=978-3-319-33405-9
Leadership Today	Joan Marques, Satinder Dhiman	Business and Management	https://link.springer.com/openurl?genre=book&isbn=978-3-319-31036-7
Physics of Semiconductor Devices	Massimo Rudan	Engineering	https://link.springer.com/openurl?genre=book&isbn=978-1-4939-1151-6
Corporate Social Responsibility	John O. Okpara, Samuel O. Idowu	Business and Economics	https://link.springer.com/openurl?genre=book&isbn=978-3-642-40975-2
Ordinary Differential Equations	William A. Adkins, Mark G. Davidson	Mathematics and Statistics	https://link.springer.com/openurl?genre=book&isbn=978-1-4614-3618-8
Electronic Commerce	Efraim Turban, David King, Jae Kyu Lee, Ting-Peng Liang, Deborrah C. Turban	Business and Economics	https://link.springer.com/openurl?genre=book&isbn=978-3-319-10091-3
Ceramic Materials	C. Barry Carter, M. Grant Norton	Chemistry and Materials Science	https://link.springer.com/openurl?genre=book&isbn=978-1-4614-3523-5
Foundations of Analytical Chemistry	Miguel Valcárcel Cases, Ángela I. López-Lorente, Ma Ángeles López-Jiménez	Chemistry and Materials Science	https://link.springer.com/openurl?genre=book&isbn=978-3-319-62872-1
Life Cycle Assessment	Michael Z. Hauschild, Ralph K. Rosenbaum, Stig Irving Olsen	Engineering	https://link.springer.com/openurl?genre=book&isbn=978-3-319-56475-3
A Clinical Guide to the Treatment of the Human Stress Response	George S. Everly, Jr., Jeffrey M. Lating	Behavioral Science	https://link.springer.com/openurl?genre=book&isbn=978-1-4614-5538-7
Computational Physics	Philipp Scherer	Physics and Astronomy	https://link.springer.com/openurl?genre=book&isbn=978-3-319-00401-3
Handbook of LGBT Elders	Debra A. Harley, Pamela B. Teaster	Social Sciences	https://link.springer.com/openurl?genre=book&isbn=978-3-319-03623-6
Handbook of Cardiac Anatomy, Physiology, and Devices	Paul A. Iaizzo	Biomedical and Life Sciences	https://link.springer.com/openurl?genre=book&isbn=978-3-319-19464-6
Quantum Mechanics	Daniel Bes	Physics and Astronomy	https://link.springer.com/openurl?genre=book&isbn=978-3-642-20556-9
Understanding Statistics Using R	Randall Schumacker, Sara Tomek	Mathematics and Statistics	https://link.springer.com/openurl?genre=book&isbn=978-1-4614-6227-9
Mass Spectrometry	Jürgen H Gross	Chemistry and Materials Science	https://link.springer.com/openurl?genre=book&isbn=978-3-319-54398-7
Statistical Mechanics for Engineers	Isamu Kusaka	Chemistry and Materials Science	https://link.springer.com/openurl?genre=book&isbn=978-3-319-15018-5
The Gastrointestinal System	Po Sing Leung	Biomedical and Life Sciences	https://link.springer.com/openurl?genre=book&isbn=978-94-017-8771-0
Additive Manufacturing Technologies	Ian Gibson, David Rosen, Brent Stucker	Engineering	https://link.springer.com/openurl?genre=book&isbn=978-1-4939-2113-3
Magnetic Interactions in Molecules and Solids	Coen de Graaf, Ria Broer	Chemistry and Materials Science	https://link.springer.com/openurl?genre=book&isbn=978-3-319-22951-5
Electricity and Magnetism	Teruo Matsushita	Physics and Astronomy	https://link.springer.com/openurl?genre=book&isbn=978-4-431-54526-2
Survival Analysis	David G. Kleinbaum, Mitchel Klein	Mathematics and Statistics	https://link.springer.com/openurl?genre=book&isbn=978-1-4419-6646-9
Foundations of Quantum Mechanics	Travis Norsen	Physics and Astronomy	https://link.springer.com/openurl?genre=book&isbn=978-3-319-65867-4
An Introduction to Statistical Learning	Gareth James, Daniela Witten, Trevor Hastie, Robert Tibshirani	Mathematics and Statistics	https://link.springer.com/openurl?genre=book&isbn=978-1-4614-7138-7
Introduction to Mathematica® for Physicists	Andrey Grozin	Physics and Astronomy	https://link.springer.com/openurl?genre=book&isbn=978-3-319-00894-3
Statistical Learning from a Regression Perspective	Richard A. Berk	Mathematics and Statistics	https://link.springer.com/openurl?genre=book&isbn=978-3-319-44048-4
Applied Partial Differential Equations	J. David Logan	Mathematics and Statistics	https://link.springer.com/openurl?genre=book&isbn=978-3-319-12493-3
Principles of Astrophysics	Charles Keeton	Physics and Astronomy	https://link.springer.com/openurl?genre=book&isbn=978-1-4614-9236-8
Air Pollution and Greenhouse Gases	Zhongchao Tan	Energy	https://link.springer.com/openurl?genre=book&isbn=978-981-287-212-8
Polymer Synthesis: Theory and Practice	Dietrich Braun, Harald Cherdron, Matthias Rehahn, Helmut Ritter, Brigitte Voit	Chemistry and Materials Science	https://link.springer.com/openurl?genre=book&isbn=978-3-642-28980-4
Sustainable Supply Chains	Yann Bouchery, Charles J. Corbett, Jan C. Fransoo, Tarkan Tan	Business and Management	https://link.springer.com/openurl?genre=book&isbn=978-3-319-29791-0
Robotics	Bruno Siciliano, Lorenzo Sciavicco, Luigi Villani, Giuseppe Oriolo	Engineering	https://link.springer.com/openurl?genre=book&isbn=978-1-84628-642-1
Econometrics	Badi H. Baltagi	Business and Economics	https://link.springer.com/openurl?genre=book&isbn=978-3-642-20059-5
The Sea Floor	Eugen Seibold, Wolfgang Berger	Earth and Environmental Science	https://link.springer.com/openurl?genre=book&isbn=978-3-319-51412-3
SPSS for Starters and 2nd Levelers	Ton J. Cleophas, Aeilko H. Zwinderman	Biomedical and Life Sciences	https://link.springer.com/openurl?genre=book&isbn=978-3-319-20600-4
Regression Modeling Strategies	Frank E. Harrell , Jr.	Mathematics and Statistics	https://link.springer.com/openurl?genre=book&isbn=978-3-319-19425-7
Legal Dynamics of EU External Relations	Henri de Waele	Law and Criminology	https://link.springer.com/openurl?genre=book&isbn=978-3-662-54817-2
Food Analysis Laboratory Manual	S. Suzanne Nielsen	Chemistry and Materials Science	https://link.springer.com/openurl?genre=book&isbn=978-3-319-44127-6
Principles of Musical Acoustics	William M. Hartmann	Physics and Astronomy	https://link.springer.com/openurl?genre=book&isbn=978-1-4614-6786-1
Fundamentals of Structural Engineering	Jerome J. Connor, Susan Faraji	Engineering	https://link.springer.com/openurl?genre=book&isbn=978-3-319-24331-3
Basics of Laser Physics	Karl F. Renk	Physics and Astronomy	https://link.springer.com/openurl?genre=book&isbn=978-3-319-50651-7
Applied Quantitative Finance	Wolfgang Karl Härdle, Cathy Yi-Hsuan Chen, Ludger Overbeck	Mathematics and Statistics	https://link.springer.com/openurl?genre=book&isbn=978-3-662-54486-0
Handbook of Marriage and the Family	Gary W. Peterson, Kevin R. Bush	Humanities, Social Sciences and Law	https://link.springer.com/openurl?genre=book&isbn=978-1-4614-3987-5
Solid-State Physics	Harald Ibach, Hans Lüth	Physics and Astronomy	https://link.springer.com/openurl?genre=book&isbn=978-3-540-93804-0
Electrochemical Impedance Spectroscopy and its Applications	Andrzej Lasia	Chemistry and Materials Science	https://link.springer.com/openurl?genre=book&isbn=978-1-4614-8933-7
Economics as Applied Ethics	Wilfred Beckerman	Economics and Finance	https://link.springer.com/openurl?genre=book&isbn=978-3-319-50319-6
Electronics for Embedded Systems	Ahmet Bindal	Engineering	https://link.springer.com/openurl?genre=book&isbn=978-3-319-39439-8
Concise Guide to Software Engineering	Gerard O'Regan	Computer Science	https://link.springer.com/openurl?genre=book&isbn=978-3-319-57750-0
Fundamentals of Multimedia	Ze-Nian Li, Mark S. Drew, Jiangchuan Liu	Computer Science	https://link.springer.com/openurl?genre=book&isbn=978-3-319-05290-8
Logistics	Harald Gleissner, J. Christian Femerling	Business and Economics	https://link.springer.com/openurl?genre=book&isbn=978-3-319-01769-3
Group Theory Applied to Chemistry	Arnout Jozef Ceulemans	Chemistry and Materials Science	https://link.springer.com/openurl?genre=book&isbn=978-94-007-6863-5
The Psychology of Social Status	Joey T. Cheng, Jessica L. Tracy, Cameron Anderson	Behavioral Science	https://link.springer.com/openurl?genre=book&isbn=978-1-4939-0867-7
A Modern Introduction to Probability and Statistics	F.M. Dekking, C. Kraaikamp, H.P. Lopuhaä, L.E. Meester	Mathematics and Statistics	https://link.springer.com/openurl?genre=book&isbn=978-1-84628-168-6
Complex Analysis	Joseph Bak, Donald J. Newman	Mathematics and Statistics	https://link.springer.com/openurl?genre=book&isbn=978-1-4419-7288-0
Food Chemistry	H.-D. Belitz, Werner Grosch, Peter Schieberle	Chemistry and Materials Science	https://link.springer.com/openurl?genre=book&isbn=978-3-540-69934-7
Exam Survival Guide: Physical Chemistry	Jochen Vogt	Chemistry and Materials Science	https://link.springer.com/openurl?genre=book&isbn=978-3-319-49810-2
The Python Workbook	Ben Stephenson	Computer Science	https://link.springer.com/openurl?genre=book&isbn=978-3-319-14240-1
Practical Electrical Engineering	Sergey N. Makarov, Reinhold Ludwig, Stephen J. Bitar	Engineering	https://link.springer.com/openurl?genre=book&isbn=978-3-319-21173-2
Strategic Retail Management	Joachim Zentes, Dirk Morschett, Hanna Schramm-Klein	Business and Management	https://link.springer.com/openurl?genre=book&isbn=978-3-658-10183-1
Food Analysis	S. Suzanne Nielsen	Chemistry and Materials Science	https://link.springer.com/openurl?genre=book&isbn=978-3-319-45776-5
Psychoeducational Assessment and Report Writing	Stefan C. Dombrowski	Behavioral Science	https://link.springer.com/openurl?genre=book&isbn=978-1-4939-1911-6
Machine Learning in Medicine - a Complete Overview	Ton J. Cleophas, Aeilko H. Zwinderman	Biomedical and Life Sciences	https://link.springer.com/openurl?genre=book&isbn=978-3-319-15195-3
Evidence-Based Interventions for Children with Challenging Behavior	Kathleen Hague Armstrong, Julia A. Ogg, Ashley N. Sundman-Wheat, Audra St. John Walsh	Behavioral Science	https://link.springer.com/openurl?genre=book&isbn=978-1-4614-7807-2
Principles of Quantum Mechanics	R. Shankar	Physics and Astronomy	https://link.springer.com/openurl?genre=book&isbn=978-1-4757-0576-8
Recommender Systems	Charu C. Aggarwal	Computer Science	https://link.springer.com/openurl?genre=book&isbn=978-3-319-29659-3
Pharmaceutical Biotechnology	Daan J. A. Crommelin, Robert D. Sindelar, Bernd Meibohm	Biomedical and Life Sciences	https://link.springer.com/openurl?genre=book&isbn=978-1-4614-6486-0
Python Programming Fundamentals	Kent D. Lee	Computer Science	https://link.springer.com/openurl?genre=book&isbn=978-1-4471-6642-9
The Finite Element Method and Applications in Engineering Using ANSYS®	Erdogan Madenci, Ibrahim Guven	Engineering	https://link.springer.com/openurl?genre=book&isbn=978-1-4899-7550-8
Group Theory	Mildred S. Dresselhaus, Gene Dresselhaus, Ado Jorio	Physics and Astronomy	https://link.springer.com/openurl?genre=book&isbn=978-3-540-32899-5
Object-Oriented Analysis, Design and Implementation	Brahma Dathan, Sarnath Ramnath	Computer Science	https://link.springer.com/openurl?genre=book&isbn=978-3-319-24280-4
Introduction to Embedded Systems	Manuel Jiménez, Rogelio Palomera, Isidoro Couvertier	Engineering	https://link.springer.com/openurl?genre=book&isbn=978-1-4614-3143-5
Elementary Mechanics Using Matlab	Anders Malthe-Sørenssen	Physics and Astronomy	https://link.springer.com/openurl?genre=book&isbn=978-3-319-19587-2
An Introduction to Biomechanics	Jay D. Humphrey, Sherry L. O’Rourke	Biomedical and Life Sciences	https://link.springer.com/openurl?genre=book&isbn=978-1-4939-2623-7
New Introduction to Multiple Time Series Analysis	Helmut Lütkepohl	Business and Economics	https://link.springer.com/openurl?genre=book&isbn=978-3-540-27752-1
Introduction to Data Science	Laura Igual, Santi Seguí	Computer Science	https://link.springer.com/openurl?genre=book&isbn=978-3-319-50017-1
Calculus With Applications	Peter D. Lax, Maria Shea Terrell	Mathematics and Statistics	https://link.springer.com/openurl?genre=book&isbn=978-1-4614-7946-8
An Introduction to Soil Mechanics	Arnold Verruijt	Earth and Environmental Science	https://link.springer.com/openurl?genre=book&isbn=978-3-319-61185-3
Game Theory	Hans Peters	Business and Economics	https://link.springer.com/openurl?genre=book&isbn=978-3-662-46950-7
Fundamentals of Clinical Trials	Lawrence M. Friedman, Curt D. Furberg, David L. DeMets, David M. Reboussin, Christopher B. Granger	Mathematics and Statistics	https://link.springer.com/openurl?genre=book&isbn=978-3-319-18539-2
The Finite Volume Method in Computational Fluid Dynamics	F. Moukalled, L. Mangani, M. Darwish	Engineering	https://link.springer.com/openurl?genre=book&isbn=978-3-319-16874-6
The ASCRS Textbook of Colon and Rectal Surgery	Scott R. Steele, Tracy L. Hull, Thomas E. Read, Theodore J. Saclarides, Anthony J. Senagore, Charles B. Whitlow	Medicine	https://link.springer.com/openurl?genre=book&isbn=978-3-319-25970-3
Applied Predictive Modeling	Max Kuhn, Kjell Johnson	Mathematics and Statistics	https://link.springer.com/openurl?genre=book&isbn=978-1-4614-6849-3
Introduction to Logic Circuits & Logic Design with VHDL 	Brock J. LaMeres	Engineering	https://link.springer.com/openurl?genre=book&isbn=978-3-319-34195-8
Sustainability Science	Harald Heinrichs, Pim Martens, Gerd Michelsen, Arnim Wiek	Earth and Environmental Science	https://link.springer.com/openurl?genre=book&isbn=978-94-017-7242-6
Physical Chemistry from a Different Angle	Georg Job, Regina Rüffler	Chemistry and Materials Science	https://link.springer.com/openurl?genre=book&isbn=978-3-319-15666-8
The Physics of Semiconductors	Marius Grundmann	Physics and Astronomy	https://link.springer.com/openurl?genre=book&isbn=978-3-319-23880-7
Energy Harvesting and Energy Efficiency	Nicu Bizon, Naser Mahdavi Tabatabaei, Frede Blaabjerg, Erol Kurt	Energy	https://link.springer.com/openurl?genre=book&isbn=978-3-319-49875-1
Python For ArcGIS	Laura Tateosian	Earth and Environmental Science	https://link.springer.com/openurl?genre=book&isbn=978-3-319-18398-5
Statics and Mechanics of Structures	Steen Krenk, Jan Høgsberg	Engineering	https://link.springer.com/openurl?genre=book&isbn=978-94-007-6113-1
Real Analysis	Miklós Laczkovich, Vera T. Sós	Mathematics and Statistics	https://link.springer.com/openurl?genre=book&isbn=978-1-4939-2766-1
MATLAB for Psychologists	Mauro Borgo, Alessandro Soranzo, Massimo Grassi	Behavioral Science	https://link.springer.com/openurl?genre=book&isbn=978-1-4614-2197-9
Physical Asset Management	Nicholas Anthony John Hastings	Business and Economics	https://link.springer.com/openurl?genre=book&isbn=978-3-319-14777-2
Essentials of Food Science	Vickie A. Vaclavik, Elizabeth W. Christian	Chemistry and Materials Science	https://link.springer.com/openurl?genre=book&isbn=978-1-4614-9138-5
Quantum Mechanics	K.T. Hecht	Physics and Astronomy	https://link.springer.com/openurl?genre=book&isbn=978-1-4612-1272-0
Probability Theory	Achim Klenke	Mathematics and Statistics	https://link.springer.com/openurl?genre=book&isbn=978-1-4471-5361-0
Concise Guide to Databases	Peter Lake, Paul Crowther	Computer Science	https://link.springer.com/openurl?genre=book&isbn=978-1-4471-5601-7
Digital Image Processing	Wilhelm Burger, Mark J. Burge	Computer Science	https://link.springer.com/openurl?genre=book&isbn=978-1-4471-6684-9
Chemical and Bioprocess Engineering	Ricardo Simpson, Sudhir K. Sastry	Chemistry and Materials Science	https://link.springer.com/openurl?genre=book&isbn=978-1-4614-9126-2
Transmission Electron Microscopy	David B. Williams, C. Barry Carter	Physics and Astronomy	https://link.springer.com/openurl?genre=book&isbn=978-1-4757-2519-3
Guide to Computer Network Security	Joseph Migga Kizza	Computer Science	https://link.springer.com/openurl?genre=book&isbn=978-3-319-55606-2
Introduction to Law	Jaap Hage, Antonia Waltermann, Bram Akkermans	Law and Criminology	https://link.springer.com/openurl?genre=book&isbn=978-3-319-57252-9
Advanced Quantum Mechanics	RAINER DICK	Physics and Astronomy	https://link.springer.com/openurl?genre=book&isbn=978-3-319-25675-7
Bayesian Essentials with R	Jean-Michel Marin, Christian P. Robert	Mathematics and Statistics	https://link.springer.com/openurl?genre=book&isbn=978-1-4614-8687-9
Robotics, Vision and Control	Peter Corke	Engineering	https://link.springer.com/openurl?genre=book&isbn=978-3-642-20144-8
Applied Chemistry	Oleg Roussak, H. D. Gesser	Chemistry and Materials Science	https://link.springer.com/openurl?genre=book&isbn=978-1-4614-4262-2
Advanced Organic Chemistry	Francis A. Carey, Richard J. Sundberg	Chemistry and Materials Science	https://link.springer.com/openurl?genre=book&isbn=978-0-387-44899-2
Advanced Organic Chemistry	Francis A. Carey, Richard J. Sundberg	Chemistry and Materials Science	https://link.springer.com/openurl?genre=book&isbn=978-0-387-71481-3
International Humanitarian Action	Hans-Joachim Heintze, Pierre Thielbörger	Law and Criminology	https://link.springer.com/openurl?genre=book&isbn=978-3-319-14454-2
Breast Cancer	Umberto Veronesi, Aron Goldhirsch, Paolo Veronesi, Oreste Davide Gentilini, Maria Cristina Leonardi	Medicine	https://link.springer.com/openurl?genre=book&isbn=978-3-319-48848-6
Travel Marketing, Tourism Economics and the Airline Product	Mark Anthony Camilleri	Business and Management	https://link.springer.com/openurl?genre=book&isbn=978-3-319-49849-2
Electronic Commerce 2018	Efraim Turban, Jon Outland, David King, Jae Kyu Lee, Ting-Peng Liang, Deborrah C. Turban	Business and Management	https://link.springer.com/openurl?genre=book&isbn=978-3-319-58715-8
Disability and Vocational Rehabilitation in Rural Settings	Debra A. Harley, Noel A. Ysasi, Malachy L. Bishop, Allison R. Fleming	Social Sciences	https://link.springer.com/openurl?genre=book&isbn=978-3-319-64786-9
Teaching Medicine and Medical Ethics Using Popular Culture	Evie Kendal, Basia Diug	Literature, Cultural and Media Studies	https://link.springer.com/openurl?genre=book&isbn=978-3-319-65451-5
Market Research	Erik Mooi, Marko Sarstedt, Irma Mooi-Reci	Business and Management	https://link.springer.com/openurl?genre=book&isbn=978-981-10-5218-7
Scanning Electron Microscopy and X-Ray Microanalysis	Joseph I. Goldstein, Dale E. Newbury, Joseph R. Michael, Nicholas W.M. Ritchie, John Henry J. Scott, David C. Joy	Chemistry and Materials Science	https://link.springer.com/openurl?genre=book&isbn=978-1-4939-6676-9
ArcGIS for Environmental and Water Issues	William Bajjali	Earth and Environmental Science	https://link.springer.com/openurl?genre=book&isbn=978-3-319-61158-7
Physics from Symmetry	Jakob Schwichtenberg	Physics and Astronomy	https://link.springer.com/openurl?genre=book&isbn=978-3-319-66631-0
Communication and Bioethics at the End of Life	Lori A. Roscoe, David P. Schenck	Religion and Philosophy	https://link.springer.com/openurl?genre=book&isbn=978-3-319-70920-8
Foundations of Programming Languages	Kent D. Lee	Computer Science	https://link.springer.com/openurl?genre=book&isbn=978-3-319-70790-7
Problems in Classical Electromagnetism	Andrea Macchi, Giovanni Moruzzi, Francesco Pegoraro	Physics and Astronomy	https://link.springer.com/openurl?genre=book&isbn=978-3-319-63133-2
Polymer Chemistry	Sebastian Koltzenburg, Michael Maskos, Oskar Nuyken	Chemistry and Materials Science	https://link.springer.com/openurl?genre=book&isbn=978-3-662-49279-6
Probability and Statistics for Computer Science	David Forsyth	Computer Science	https://link.springer.com/openurl?genre=book&isbn=978-3-319-64410-3
Empathetic Space on Screen	Amedeo D'Adamo	Literature, Cultural and Media Studies	https://link.springer.com/openurl?genre=book&isbn=978-3-319-66772-0
Political Social Work	Shannon R. Lane, Suzanne Pritzker	Social Sciences	https://link.springer.com/openurl?genre=book&isbn=978-3-319-68588-5
Introductory Quantum Mechanics	Paul R. Berman	Physics and Astronomy	https://link.springer.com/openurl?genre=book&isbn=978-3-319-68598-4
Guide to Competitive Programming	Antti Laaksonen	Computer Science	https://link.springer.com/openurl?genre=book&isbn=978-3-319-72547-5
Introduction to Artificial Intelligence	Wolfgang Ertel	Computer Science	https://link.springer.com/openurl?genre=book&isbn=978-3-319-58487-4
Bioinformatics for Evolutionary Biologists	Bernhard Haubold, Angelika Börsch-Haubold	Biomedical and Life Sciences	https://link.springer.com/openurl?genre=book&isbn=978-3-319-67395-0
Concepts, Methods and Practical Applications in Applied Demography	Richard K. Thomas	Social Sciences	https://link.springer.com/openurl?genre=book&isbn=978-3-319-65439-3
Introduction to Deep Learning	Sandro Skansi	Computer Science	https://link.springer.com/openurl?genre=book&isbn=978-3-319-73004-2
Energy and the Wealth of Nations	Charles A.S. Hall, Kent Klitgaard	Energy	https://link.springer.com/openurl?genre=book&isbn=978-3-319-66219-0
A Beginner's Guide to Scala, Object Orientation and Functional Programming	John Hunt	Computer Science	https://link.springer.com/openurl?genre=book&isbn=978-3-319-75771-1
Lessons on Synthetic Bioarchitectures	Eva-Kathrin Ehmoser-Sinner, Cherng-Wen Darren Tan	Biomedical and Life Sciences	https://link.springer.com/openurl?genre=book&isbn=978-3-319-73123-0
Managing Sustainable Business	Gilbert G. Lenssen, N. Craig Smith	Business and Management	https://link.springer.com/openurl?genre=book&isbn=978-94-024-1144-7
Engineering Mechanics 2	Dietmar Gross, Werner Hauger, Jörg Schröder, Wolfgang A. Wall, Javier Bonet	Engineering	https://link.springer.com/openurl?genre=book&isbn=978-3-662-56272-7
Fundamentals of Business Process Management	Marlon Dumas, Marcello La Rosa, Jan Mendling, Hajo A. Reijers	Computer Science	https://link.springer.com/openurl?genre=book&isbn=978-3-662-56509-4
Clinical Methods in Medical Family Therapy	Tai Mendenhall, Angela Lamson, Jennifer Hodgson, Macaran Baird	Behavioral Science and Psychology	https://link.springer.com/openurl?genre=book&isbn=978-3-319-68834-3
Guide to Scientific Computing in C++	Joe Pitt-Francis, Jonathan Whiteley	Computer Science	https://link.springer.com/openurl?genre=book&isbn=978-3-319-73132-2
Motivation and Action 	Jutta Heckhausen, Heinz Heckhausen	Behavioral Science and Psychology	https://link.springer.com/openurl?genre=book&isbn=978-3-319-65094-4
Perspectives on Elderly Crime and Victimization	Peter C. Kratcoski, Maximilian Edelbacher	Law and Criminology	https://link.springer.com/openurl?genre=book&isbn=978-3-319-72682-3
Knowledge Management	Klaus North, Gita Kumta	Business and Management	https://link.springer.com/openurl?genre=book&isbn=978-3-319-59978-6
An Introduction to Zooarchaeology	Diane Gifford-Gonzalez	Social Sciences	https://link.springer.com/openurl?genre=book&isbn=978-3-319-65682-3
Abstract Algebra	Gregory T. Lee	Mathematics and Statistics	https://link.springer.com/openurl?genre=book&isbn=978-3-319-77649-1
Criminal Justice and Mental Health	Jada Hector, David Khey	Law and Criminology	https://link.springer.com/openurl?genre=book&isbn=978-3-319-76442-9
Philosophy of Race	Naomi Zack	Religion and Philosophy	https://link.springer.com/openurl?genre=book&isbn=978-3-319-78729-9
Of Cigarettes, High Heels, and Other Interesting Things	Marcel Danesi	Literature, Cultural and Media Studies	https://link.springer.com/openurl?genre=book&isbn=978-1-349-95348-6
Applied Bioinformatics	Paul M. Selzer, Richard J. Marhöfer, Oliver Koch	Biomedical and Life Sciences	https://link.springer.com/openurl?genre=book&isbn=978-3-319-68301-0
Linear Algebra and Analytic Geometry for Physical Sciences	Giovanni Landi, Alessandro Zampini	Physics and Astronomy	https://link.springer.com/openurl?genre=book&isbn=978-3-319-78361-1
Building Energy Modeling with OpenStudio	Larry Brackney, Andrew Parker, Daniel Macumber, Kyle Benne	Energy	https://link.springer.com/openurl?genre=book&isbn=978-3-319-77809-9
Customer Relationship Management	V. Kumar, Werner Reinartz	Business and Management	https://link.springer.com/openurl?genre=book&isbn=978-3-662-55381-7
The A-Z of the PhD Trajectory	Eva O. L. Lantsoght	Education	https://link.springer.com/openurl?genre=book&isbn=978-3-319-77425-1
Strategic Human Resource Management and Employment Relations	Ashish Malik	Business and Management	https://link.springer.com/openurl?genre=book&isbn=978-981-13-0399-9
Applied Linear Algebra	Peter J. Olver, Chehrzad Shakiban	Mathematics and Statistics	https://link.springer.com/openurl?genre=book&isbn=978-3-319-91041-3
Witnessing Torture	Alexandra S. Moore, Elizabeth Swanson	Literature, Cultural and Media Studies	https://link.springer.com/openurl?genre=book&isbn=978-3-319-74965-5
Proofs from THE BOOK	Martin Aigner, Günter M. Ziegler	Mathematics and Statistics	https://link.springer.com/openurl?genre=book&isbn=978-3-662-57265-8
Introduction to General Relativity	Cosimo Bambi	Physics and Astronomy	https://link.springer.com/openurl?genre=book&isbn=978-981-13-1090-4
Introduction to Particle and Astroparticle Physics	Alessandro De Angelis, Mário Pimenta	Physics and Astronomy	https://link.springer.com/openurl?genre=book&isbn=978-3-319-78181-5
Fundamentals of Java Programming	Mitsunori Ogihara	Computer Science	https://link.springer.com/openurl?genre=book&isbn=978-3-319-89491-1
Optimization of Process Flowsheets through Metaheuristic Techniques 	José María Ponce-Ortega, Luis Germán Hernández-Pérez	Intelligent Technologies and Robotics	https://link.springer.com/openurl?genre=book&isbn=978-3-319-91722-1
Robotics	Matjaž Mihelj, Tadej Bajd, Aleš Ude, Jadran Lenarčič, Aleš Stanovnik, Marko Munih, Jure Rejc, Sebastjan Šlajpah	Intelligent Technologies and Robotics	https://link.springer.com/openurl?genre=book&isbn=978-3-319-72911-4
Business Ethics - A Philosophical and Behavioral Approach	Christian A. Conrad	Religion and Philosophy	https://link.springer.com/openurl?genre=book&isbn=978-3-319-91575-3
A First Introduction to Quantum Physics	Pieter Kok	Physics and Astronomy	https://link.springer.com/openurl?genre=book&isbn=978-3-319-92207-2
Argumentation Theory: A Pragma-Dialectical Perspective	Frans H. van Eemeren	Religion and Philosophy	https://link.springer.com/openurl?genre=book&isbn=978-3-319-95381-6
Logical Foundations of Cyber-Physical Systems	André Platzer	Computer Science	https://link.springer.com/openurl?genre=book&isbn=978-3-319-63588-0
Off-Grid Electrical Systems in Developing Countries	Henry Louie	Energy	https://link.springer.com/openurl?genre=book&isbn=978-3-319-91890-7
Entertainment Science	Thorsten Hennig-Thurau, Mark B. Houston	Business and Management	https://link.springer.com/openurl?genre=book&isbn=978-3-319-89292-4
Physics of Oscillations and Waves	Arnt Inge Vistnes	Physics and Astronomy	https://link.springer.com/openurl?genre=book&isbn=978-3-319-72314-3
Introduction to Programming with Fortran	Ian Chivers, Jane Sleightholme	Computer Science	https://link.springer.com/openurl?genre=book&isbn=978-3-319-75502-1
Fundamentals of Solid State Engineering	Manijeh Razeghi	Engineering	https://link.springer.com/openurl?genre=book&isbn=978-3-319-75708-7
Introduction to Digital Systems Design	Giuliano Donzellini, Luca Oneto, Domenico Ponta, Davide Anguita	Engineering	https://link.springer.com/openurl?genre=book&isbn=978-3-319-92804-3
Neural Networks and Deep Learning	Charu C. Aggarwal	Computer Science	https://link.springer.com/openurl?genre=book&isbn=978-3-319-94463-0
Data Science and Predictive Analytics	Ivo D. Dinov	Computer Science	https://link.springer.com/openurl?genre=book&isbn=978-3-319-72347-1
Systems Programming in Unix/Linux	K.C. Wang	Computer Science	https://link.springer.com/openurl?genre=book&isbn=978-3-319-92429-8
Analytical Corporate Finance	Angelo Corelli	Business and Management	https://link.springer.com/openurl?genre=book&isbn=978-3-319-95762-3
Fraud and Corruption	Peter C. Kratcoski, Maximilian Edelbacher	Law and Criminology	https://link.springer.com/openurl?genre=book&isbn=978-3-319-92333-8
Conferencing and Presentation English for Young Academics	Michael Guest	Education	https://link.springer.com/openurl?genre=book&isbn=978-981-13-2475-8
A Concise Guide to Market Research	Marko Sarstedt, Erik Mooi	Business and Management	https://link.springer.com/openurl?genre=book&isbn=978-3-662-56707-4
Global Supply Chain and Operations Management	Dmitry Ivanov, Alexander Tsipoulanidis, Jörn Schönberger	Business and Management	https://link.springer.com/openurl?genre=book&isbn=978-3-319-94313-8
Introduction to Parallel Computing	Roman Trobec, Boštjan Slivnik, Patricio Bulić, Borut Robič	Computer Science	https://link.springer.com/openurl?genre=book&isbn=978-3-319-98833-7
Mathematical Logic	Roman Kossak	Religion and Philosophy	https://link.springer.com/openurl?genre=book&isbn=978-3-319-97298-5
Stability and Control of Linear Systems	Andrea Bacciotti	Intelligent Technologies and Robotics	https://link.springer.com/openurl?genre=book&isbn=978-3-030-02405-5
Introduction to Formal Philosophy	Sven Ove Hansson, Vincent F. Hendricks	Religion and Philosophy	https://link.springer.com/openurl?genre=book&isbn=978-3-319-77434-3
Analysis for Computer Scientists	Michael Oberguggenberger, Alexander Ostermann	Computer Science	https://link.springer.com/openurl?genre=book&isbn=978-3-319-91155-7
International Business Management	Kamal Fatehi, Jeongho Choi	Business and Management	https://link.springer.com/openurl?genre=book&isbn=978-3-319-96622-9
Research Methods for the Digital Humanities	lewis levenberg, Tai Neilson, David Rheams	Literature, Cultural and Media Studies	https://link.springer.com/openurl?genre=book&isbn=978-3-319-96713-4
Introductory Computer Forensics	Xiaodong Lin	Computer Science	https://link.springer.com/openurl?genre=book&isbn=978-3-030-00581-8
Control Engineering	László Keviczky, Ruth Bars, Jenő Hetthéssy, Csilla Bányász	Intelligent Technologies and Robotics	https://link.springer.com/openurl?genre=book&isbn=978-981-10-8297-9
Control Engineering: MATLAB Exercises	László Keviczky, Ruth Bars, Jenő Hetthéssy, Csilla Bányász	Intelligent Technologies and Robotics	https://link.springer.com/openurl?genre=book&isbn=978-981-10-8321-1
ENZYMES: Catalysis, Kinetics and Mechanisms	N.S. Punekar	Biomedical and Life Sciences	https://link.springer.com/openurl?genre=book&isbn=978-981-13-0785-0
Automatic Control with Experiments	Victor Manuel Hernández-Guzmán, Ramón Silva-Ortigoza	Intelligent Technologies and Robotics	https://link.springer.com/openurl?genre=book&isbn=978-3-319-75804-6
Internet of Things From Hype to Reality	Ammar Rayes, Samer Salam	Engineering	https://link.springer.com/openurl?genre=book&isbn=978-3-319-99516-8
Quantitative Methods for the Social Sciences	Daniel Stockemer	Social Sciences	https://link.springer.com/openurl?genre=book&isbn=978-3-319-99118-4
A Pythagorean Introduction to Number Theory	Ramin Takloo-Bighash	Mathematics and Statistics	https://link.springer.com/openurl?genre=book&isbn=978-3-030-02604-2
Philosophical and Mathematical Logic	Harrie de Swart	Religion and Philosophy	https://link.springer.com/openurl?genre=book&isbn=978-3-030-03255-5
Structural Dynamics	Mario Paz, Young Hoon Kim	Engineering	https://link.springer.com/openurl?genre=book&isbn=978-3-319-94743-3
Plant Physiology, Development and Metabolism	Satish C Bhatla, Manju A. Lal	Biomedical and Life Sciences	https://link.springer.com/openurl?genre=book&isbn=978-981-13-2023-1
Quantum Mechanics for Pedestrians 1	Jochen Pade	Physics and Astronomy	https://link.springer.com/openurl?genre=book&isbn=978-3-030-00464-4
Plant Anatomy	Richard Crang, Sheila Lyons-Sobaski, Robert Wise	Biomedical and Life Sciences	https://link.springer.com/openurl?genre=book&isbn=978-3-319-77315-5
Quantum Mechanics for Pedestrians 2	Jochen Pade	Physics and Astronomy	https://link.springer.com/openurl?genre=book&isbn=978-3-030-00467-5
Excel Data Analysis	Hector Guerrero	Business and Management	https://link.springer.com/openurl?genre=book&isbn=978-3-030-01279-3
Quick Start Guide to VHDL	Brock J. LaMeres	Engineering	https://link.springer.com/openurl?genre=book&isbn=978-3-030-04516-6
Java in Two Semesters	Quentin Charatan, Aaron Kans	Computer Science	https://link.springer.com/openurl?genre=book&isbn=978-3-319-99420-8
Managing Media and Digital Organizations	Eli M. Noam	Literature, Cultural and Media Studies	https://link.springer.com/openurl?genre=book&isbn=978-3-319-71288-8
Media and Digital Management	Eli M. Noam	Literature, Cultural and Media Studies	https://link.springer.com/openurl?genre=book&isbn=978-3-319-72000-5
An Anthology of London in Literature, 1558-1914	Geoffrey G. Hiller, Peter L. Groves, Alan F. Dilnot	Literature, Cultural and Media Studies	https://link.springer.com/openurl?genre=book&isbn=978-3-030-05609-4
Astronautics	Ulrich Walter	Engineering	https://link.springer.com/openurl?genre=book&isbn=978-3-319-74373-8
Perceptual Organization	Stephen Handel	Behavioral Science and Psychology	https://link.springer.com/openurl?genre=book&isbn=978-3-319-96337-2
Research Methods for Social Justice and Equity in Education	Kamden K. Strunk, Leslie Ann Locke	Education	https://link.springer.com/openurl?genre=book&isbn=978-3-030-05900-2
Educational Technology	Ronghuai Huang, J. Michael Spector, Junfeng Yang	Education	https://link.springer.com/openurl?genre=book&isbn=978-981-13-6643-7
Quick Start Guide to Verilog	Brock J. LaMeres	Engineering	https://link.springer.com/openurl?genre=book&isbn=978-3-030-10552-5
Spine Surgery	Bernhard Meyer, Michael Rauschmann	Medicine	https://link.springer.com/openurl?genre=book&isbn=978-3-319-98875-7
Introduction to Logic Circuits & Logic Design with VHDL 	Brock J. LaMeres	Engineering	https://link.springer.com/openurl?genre=book&isbn=978-3-030-12489-2
Social Justice Theory and Practice for Social Work	Lynelle Watts, David Hodgson	Social Sciences	https://link.springer.com/openurl?genre=book&isbn=978-981-13-3621-8
School Leadership and Educational Change in Singapore	Benjamin Wong, Salleh Hairon, Pak Tee Ng	Education	https://link.springer.com/openurl?genre=book&isbn=978-3-319-74746-0
Digital Business Models	Bernd W. Wirtz	Business and Management	https://link.springer.com/openurl?genre=book&isbn=978-3-030-13005-3
Introduction to Logic Circuits & Logic Design with Verilog	Brock J. LaMeres	Engineering	https://link.springer.com/openurl?genre=book&isbn=978-3-030-13605-5
Pharmaceutical Biotechnology	Daan J. A. Crommelin, Robert D. Sindelar, Bernd Meibohm	Biomedical and Life Sciences	https://link.springer.com/openurl?genre=book&isbn=978-3-030-00710-2
Mapping Global Theatre Histories	Mark Pizzato	Literature, Cultural and Media Studies	https://link.springer.com/openurl?genre=book&isbn=978-3-030-12727-5
Social Marketing in Action	Debra Z. Basil, Gonzalo Diaz-Meneses, Michael D. Basil	Business and Management	https://link.springer.com/openurl?genre=book&isbn=978-3-030-13020-6
Analyzing Qualitative Data with MAXQDA	Udo Kuckartz, Stefan Rädiker	Social Sciences	https://link.springer.com/openurl?genre=book&isbn=978-3-030-15671-8
Handbook of Evolutionary Research in Archaeology	Anna Marie Prentiss	Social Sciences	https://link.springer.com/openurl?genre=book&isbn=978-3-030-11117-5
Evidence-Based Practice in Clinical Social Work	James W. Drisko, Melissa D. Grady	Behavioral Science and Psychology	https://link.springer.com/openurl?genre=book&isbn=978-3-030-15224-6
Foundations of Behavioral Health	Bruce Lubotsky Levin, Ardis Hanson	Behavioral Science and Psychology	https://link.springer.com/openurl?genre=book&isbn=978-3-030-18435-3
Social Psychology in Action	Kai Sassenberg, Michael L.W. Vliek	Behavioral Science and Psychology	https://link.springer.com/openurl?genre=book&isbn=978-3-030-13788-5
Essentials of Business Analytics	Bhimasankaram Pochiraju, Sridhar Seshadri	Business and Management	https://link.springer.com/openurl?genre=book&isbn=978-3-319-68837-4
A Course in Rasch Measurement Theory	David Andrich, Ida Marais	Education	https://link.springer.com/openurl?genre=book&isbn=978-981-13-7496-8
Multimedia Big Data Computing for IoT Applications	Sudeep Tanwar, Sudhanshu Tyagi, Neeraj Kumar	Intelligent Technologies and Robotics	https://link.springer.com/openurl?genre=book&isbn=978-981-13-8759-3
Policing and Minority Communities	James F. Albrecht, Garth den Heyer, Perry Stanislas	Law and Criminology	https://link.springer.com/openurl?genre=book&isbn=978-3-030-19182-5
A Beginners Guide to Python 3 Programming	John Hunt	Computer Science	https://link.springer.com/openurl?genre=book&isbn=978-3-030-20290-3
Advanced Guide to Python 3 Programming	John Hunt	Computer Science	https://link.springer.com/openurl?genre=book&isbn=978-3-030-25943-3
Food Fraud Prevention	John W. Spink	Biomedical and Life Sciences	https://link.springer.com/openurl?genre=book&isbn=978-1-4939-9621-6
Plant Ecology	Ernst-Detlef Schulze, Erwin Beck, Nina Buchmann, Stephan Clemens, Klaus Müller-Hohenstein, Michael Scherer-Lorenzen	Biomedical and Life Sciences	https://link.springer.com/openurl?genre=book&isbn=978-3-662-56233-8
